{
  "total": 200,
  "exactAgreement": 85,
  "perBlock": {
    "F01": {
      "tp": 200,
      "fp": 0,
      "fn": 0,
      "tn": 0,
      "support": 200,
      "precision": 1.0,
      "recall": 1.0,
      "f1": 1.0,
      "kappa": 1.0
    },
    "F02": {
      "tp": 150,
      "fp": 20,
      "fn": 8,
      "tn": 22,
      "support": 158,
      "precision": 0.8823529411764706,
      "recall": 0.9493670886075949,
      "f1": 0.9146341463414634,
      "kappa": 0.9850612488795937
    },
    "F03": {
      "tp": 9,
      "fp": 0,
      "fn": 0,
      "tn": 191,
      "support": 9,
      "precision": 1.0,
      "recall": 1.0,
      "f1": 1.0,
      "kappa": 1.0
    },
    "F04": {
      "tp": 125,
      "fp": 0,
      "fn": 4,
      "tn": 71,
      "support": 129,
      "precision": 1.0,
      "recall": 0.9689922480620154,
      "f1": 0.9842519685039369,
      "kappa": 1.0
    },
    "F05": {
      "tp": 20,
      "fp": 0,
      "fn": 0,
      "tn": 180,
      "support": 20,
      "precision": 1.0,
      "recall": 1.0,
      "f1": 1.0,
      "kappa": 0.7727272727272725
    },
    "F06": {
      "tp": 28,
      "fp": 0,
      "fn": 1,
      "tn": 171,
      "support": 29,
      "precision": 1.0,
      "recall": 0.9655172413793104,
      "f1": 0.9824561403508771,
      "kappa": 0.9795417348608838
    },
    "F07": {
      "tp": 1,
      "fp": 2,
      "fn": 1,
      "tn": 196,
      "support": 2,
      "precision": 0.3333333333333333,
      "recall": 0.5,
      "f1": 0.4,
      "kappa": 0.6621621621621614
    },
    "F08": {
      "tp": 43,
      "fp": 25,
      "fn": 2,
      "tn": 130,
      "support": 45,
      "precision": 0.6323529411764706,
      "recall": 0.9555555555555556,
      "f1": 0.7610619469026547,
      "kappa": 0.321705426356589
    },
    "F09": {
      "tp": 6,
      "fp": 18,
      "fn": 1,
      "tn": 175,
      "support": 7,
      "precision": 0.25,
      "recall": 0.8571428571428571,
      "f1": 0.3870967741935483,
      "kappa": 0.1892987434130522
    },
    "F10": {
      "tp": 200,
      "fp": 0,
      "fn": 0,
      "tn": 0,
      "support": 200,
      "precision": 1.0,
      "recall": 1.0,
      "f1": 1.0,
      "kappa": 1.0
    },
    "F11": {
      "tp": 0,
      "fp": 0,
      "fn": 0,
      "tn": 200,
      "support": 0,
      "precision": null,
      "recall": null,
      "f1": null,
      "kappa": 1.0
    },
    "F12": {
      "tp": 124,
      "fp": 48,
      "fn": 1,
      "tn": 27,
      "support": 125,
      "precision": 0.7209302325581395,
      "recall": 0.992,
      "f1": 0.835016835016835,
      "kappa": 0.40591658583899126
    },
    "F13": {
      "tp": 50,
      "fp": 0,
      "fn": 0,
      "tn": 150,
      "support": 50,
      "precision": 1.0,
      "recall": 1.0,
      "f1": 1.0,
      "kappa": 1.0
    },
    "F14": {
      "tp": 7,
      "fp": 0,
      "fn": 0,
      "tn": 193,
      "support": 7,
      "precision": 1.0,
      "recall": 1.0,
      "f1": 1.0,
      "kappa": 1.0
    },
    "F15": {
      "tp": 34,
      "fp": 0,
      "fn": 2,
      "tn": 164,
      "support": 36,
      "precision": 1.0,
      "recall": 0.9444444444444444,
      "f1": 0.9714285714285714,
      "kappa": 0.929140832595217
    },
    "F16": {
      "tp": 17,
      "fp": 1,
      "fn": 9,
      "tn": 173,
      "support": 26,
      "precision": 0.9444444444444444,
      "recall": 0.6538461538461539,
      "f1": 0.7727272727272727,
      "kappa": 0.4515539305301645
    },
    "F17": {
      "tp": 200,
      "fp": 0,
      "fn": 0,
      "tn": 0,
      "support": 200,
      "precision": 1.0,
      "recall": 1.0,
      "f1": 1.0,
      "kappa": 1.0
    },
    "F18": {
      "tp": 0,
      "fp": 0,
      "fn": 2,
      "tn": 198,
      "support": 2,
      "precision": null,
      "recall": 0.0,
      "f1": null,
      "kappa": 1.0
    }
  }
}